,title,href
0,"3D Modelado, Materiales e Iluminación",https://guias.esdmadrid.es/3d-modelado-materiales-e-iluminacion
1,Análisis de elementos de construcción,https://guias.esdmadrid.es/analisis-elementos-construccion
2,Animación,https://guias.esdmadrid.es/animacion
3,Animación 2D,https://guias.esdmadrid.es/animacion-2d
4,"Arquitecturas efímeras: eventos, exposiciones y stands",https://guias.esdmadrid.es/arquitecturas-efimeras-eventos-exposiciones-stands
5,"Arte, Artesanía y Diseño",https://guias.esdmadrid.es/arte-artesania-diseno
6,Atelier Moda Nupcial ,https://guias.esdmadrid.es/atelier-moda-nupcial
7,"Autopsia, Disección y Anastilosis",https://guias.esdmadrid.es/autopsia-diseccion-anastilosis
8,Biónica y Proporción,https://guias.esdmadrid.es/bionica-proporcion
9,Código Técnico de la Edificación:  Tecnología e instalaciones,https://guias.esdmadrid.es/codigo-tecnico-edificacion-tecnologia-e-instalaciones
10,Color,https://guias.esdmadrid.es/color
11,Computación Física,https://guias.esdmadrid.es/computacion-fisica
12,Comunicación gráfica para el diseño de interiores,https://guias.esdmadrid.es/comunicacion-grafica-diseno-interiores
13,Comunicación Visual  de moda,https://guias.esdmadrid.es/comunicacion-visual-moda
14,COMUNICACIONES Y RECURSOS,https://guias.esdmadrid.es/comunicaciones-recursos
15,Confort térmico y acústico,https://guias.esdmadrid.es/confort-termico-acustico
16,Construcción de espacios habitados: La vivienda compacta,https://guias.esdmadrid.es/construccion-espacios-habitados-vivienda-compacta
17,Construcción de Estudio de Interiorismo,https://guias.esdmadrid.es/construccion-estudio-interiorismo
18,Construcción. Diseño de Elementos Singulares.,https://guias.esdmadrid.es/construccion-diseno-elementos-singulares
19,Contextos Histórico-Artísticos de la Moda y el Diseño de Moda,https://guias.esdmadrid.es/contextos-historico-artisticos-moda-diseno-moda
20,CREACIÓN DE ENTORNOS DE VENTA,https://guias.esdmadrid.es/creacion-entornos-venta
21,Creación Experimental. Tratamiento e impresión de superficies.,https://guias.esdmadrid.es/creacion-experimental-tratamiento-e-impresion-superficies
22,Creatividad e Innovación,https://guias.esdmadrid.es/creatividad-e-innovacion
23,Creatividad: Pensamiento creativo y pensamiento de diseño,https://guias.esdmadrid.es/creatividad-pensamiento-creativo-pensamiento-diseno
24,Desarrollo constructivo de un proyecto,https://guias.esdmadrid.es/desarrollo-constructivo-proyecto
25,Dibujo comunicación,https://guias.esdmadrid.es/dibujo-comunicacion
26,Dibujo de moda,https://guias.esdmadrid.es/dibujo-moda
27,Dibujo del espacio,https://guias.esdmadrid.es/dibujo-espacio
28,Dibujo representación,https://guias.esdmadrid.es/dibujo-representacion
29,Dirección de Arte ,https://guias.esdmadrid.es/direccion-arte
30,"Diseño Audiovisual, Posproducción",https://guias.esdmadrid.es/diseno-audiovisual-posproduccion
31,Diseño Audiovisual. Proyectos,https://guias.esdmadrid.es/diseno-audiovisual-proyectos
32,Diseño Constructivo en Función de los Materiales,https://guias.esdmadrid.es/diseno-constructivo-funcion-materiales
33,Diseño Constructivo Y de Planificacion.,https://guias.esdmadrid.es/diseno-constructivo-planificacion
34,Diseño de colecciones en tejido denim,https://guias.esdmadrid.es/diseno-colecciones-tejido-denim
35,Diseño de estampación industrial digital ,https://guias.esdmadrid.es/diseno-estampacion-industrial-digital
36,Diseño de estructuras ligeras,https://guias.esdmadrid.es/diseno-estructuras-ligeras
37,Diseño de Eventos y Espectáculos,https://guias.esdmadrid.es/diseno-eventos-espectaculos
38,Diseño de Experiencias ,https://guias.esdmadrid.es/diseno-experiencias-0
39,Diseño de Exposiciones,https://guias.esdmadrid.es/diseno-exposiciones
40,Diseño de iluminacción comercial,https://guias.esdmadrid.es/diseno-iluminaccion-comercial
41,Diseño de juguetes,https://guias.esdmadrid.es/diseno-juguetes
42,Diseño de marcas de moda,https://guias.esdmadrid.es/diseno-marcas-moda
43,DISEÑO DE MOBILIARIO PARA EL HÁBITAT,https://guias.esdmadrid.es/diseno-mobiliario-habitat
44,Diseño de Moda Infantil,https://guias.esdmadrid.es/diseno-moda-infantil
45,Diseño de Moda. Análisis e Ideación,https://guias.esdmadrid.es/diseno-moda-analisis-e-ideacion
46,Diseño de Moda. Comunicación.,https://guias.esdmadrid.es/diseno-moda-comunicacion
47,Diseño de moda. Desarrollo,https://guias.esdmadrid.es/diseno-moda-desarrollo
48,Diseño de Portfolio,https://guias.esdmadrid.es/diseno-portfolio
49,Diseño editorial,https://guias.esdmadrid.es/diseno-editorial
50,Diseño en la cocina,https://guias.esdmadrid.es/diseno-cocina
51,DISEÑO ESTRATÉGICO Y MODELOS DE NEGOCIO,https://guias.esdmadrid.es/diseno-estrategico-modelos-negocio
52,Diseño experimental. Creación textil y patronaje.,https://guias.esdmadrid.es/diseno-experimental-creacion-textil-patronaje
53,Diseño gráfico y comunicación del proyecto,https://guias.esdmadrid.es/diseno-grafico-comunicacion-proyecto
54,Diseño Moda Hombre ,https://guias.esdmadrid.es/diseno-moda-hombre
55,Diseño para la innovación social,https://guias.esdmadrid.es/diseno-innovacion-social
56,Diseño para la salud,https://guias.esdmadrid.es/diseno-salud
57,Diseño. Complementos de moda,https://guias.esdmadrid.es/diseno-complementos-moda
58,Documentación,https://guias.esdmadrid.es/documentacion
59,Ecodiseño,https://guias.esdmadrid.es/ecodiseno
60,ESTÉTICA,https://guias.esdmadrid.es/estetica
61,Estilismo de espectáculos y medios audiovisuales,https://guias.esdmadrid.es/estilismo-espectaculos-medios-audiovisuales
62,Estructuras y Sistemas,https://guias.esdmadrid.es/estructuras-sistemas
63,Experiencia de Usuario,https://guias.esdmadrid.es/experiencia-usuario
64,Expresión Fotográfica,https://guias.esdmadrid.es/expresion-fotografica
65,Fotografía de Moda,https://guias.esdmadrid.es/fotografia-moda
66,Fotografía y Audiovisuales,https://guias.esdmadrid.es/fotografia-audiovisuales
67,Fundamentos Científicos del Diseño,https://guias.esdmadrid.es/fundamentos-cientificos-diseno
68,Fundamentos de diseño. Análisis,https://guias.esdmadrid.es/fundamentos-diseno-analisis
69,Fundamentos de diseño. Ideación,https://guias.esdmadrid.es/fundamentos-diseno-ideacion
70,Fundamentos de Estampación e impresión,https://guias.esdmadrid.es/fundamentos-estampacion-e-impresion
71,Gestión de contenidos web. Wordpress,https://guias.esdmadrid.es/gestion-contenidos-web-wordpress
72,GESTIÓN DE EMPRESAS DE MODA,https://guias.esdmadrid.es/gestion-empresas-moda
73,Gestión de obra,https://guias.esdmadrid.es/gestion-obra
74,GESTIÓN DE PROYECTOS,https://guias.esdmadrid.es/gestion-proyectos
75,Gestión del Diseño,https://guias.esdmadrid.es/gestion-diseno
76,Gestión del Diseño,https://guias.esdmadrid.es/gestion-diseno-0
77,Gráfica Interactiva. Edición,https://guias.esdmadrid.es/grafica-interactiva-edicion
78,Gráfica Interactiva. Usabilidad,https://guias.esdmadrid.es/grafica-interactiva-usabilidad
79,Gráfica multimedia. Producción,https://guias.esdmadrid.es/grafica-multimedia-produccion
80,Gráfica multimedia. Programación,https://guias.esdmadrid.es/grafica-multimedia-programacion
81,Gráficos en movimiento 2D y 3D,https://guias.esdmadrid.es/graficos-movimiento-2d-3d
82,Historia de la Indumentaria,https://guias.esdmadrid.es/historia-indumentaria
83,Historia de la Moda,https://guias.esdmadrid.es/historia-moda
84,Historia del diseño de producto,https://guias.esdmadrid.es/historia-diseno-producto
85,Historia del Diseño Gráfico,https://guias.esdmadrid.es/historia-diseno-grafico
86,Iluminación: tecnología y proyecto,https://guias.esdmadrid.es/iluminacion-tecnologia-proyecto
87,Ilustración lenguajes y procesos,https://guias.esdmadrid.es/ilustracion-lenguajes-procesos
88,Ilustración y comunicación visual,https://guias.esdmadrid.es/ilustracion-comunicacion-visual
89,Imagen Moda,https://guias.esdmadrid.es/imagen-moda
90,Infografía 3D: iluminación y texturizado,https://guias.esdmadrid.es/infografia-3d-iluminacion-texturizado
91,Iniciación a la Realidad Virtual y Realidad Aumentada,https://guias.esdmadrid.es/iniciacion-realidad-virtual-realidad-aumentada
92,Iniciación al Diseño Audiovisual,https://guias.esdmadrid.es/iniciacion-diseno-audiovisual
93,Iniciación al diseño de producto,https://guias.esdmadrid.es/iniciacion-diseno-producto
94,Interacción  diseño-instalaciones básicas,https://guias.esdmadrid.es/interaccion-diseno-instalaciones-basicas
95,Interacción y lenguaje,https://guias.esdmadrid.es/interaccion-lenguaje
96,Interface y Cultura. Estrategias de Innovación e investigación,https://guias.esdmadrid.es/interface-cultura-estrategias-innovacion-e-investigacion
97,Interfaces Gráficas de Usuario,https://guias.esdmadrid.es/interfaces-graficas-usuario
98,Introducción al diseño y construcción de bicicletas,https://guias.esdmadrid.es/introduccion-diseno-construccion-bicicletas
99,Lenguajes de Programación,https://guias.esdmadrid.es/lenguajes-programacion
100,LENGUAJES ESTILÍSTICOS DEL DISEÑO DE INTERIOR,https://guias.esdmadrid.es/lenguajes-estilisticos-diseno-interior
101,MARKETING DE MODA,https://guias.esdmadrid.es/marketing-moda
102,MARKETING PARA DISEÑADORES Y ESTUDIOS DE DISEÑO,https://guias.esdmadrid.es/marketing-disenadores-estudios-diseno
103,Marketing Visual,https://guias.esdmadrid.es/marketing-visual
104,Materiales y tecnología. Realización,https://guias.esdmadrid.es/materiales-tecnologia-realizacion
105,Materiales y Tecnología: Conceptualización,https://guias.esdmadrid.es/materiales-tecnologia-conceptualizacion
106,Modelos  3D para el diseño gráfico,https://guias.esdmadrid.es/modelos-3d-diseno-grafico
107,Modelos físicos para la comunicación del proyecto,https://guias.esdmadrid.es/modelos-fisicos-comunicacion-proyecto
108,Modelos y prototipos. Ideación y comunicación.,https://guias.esdmadrid.es/modelos-prototipos-ideacion-comunicacion
109,MODELOS Y PROTOTIPOS. PROCESOS Y DESARROLLO.,https://guias.esdmadrid.es/modelos-prototipos-procesos-desarrollo
110,Narrativa Interactiva,https://guias.esdmadrid.es/narrativa-interactiva
111,Normativa y tramitación de licencias,https://guias.esdmadrid.es/normativa-tramitacion-licencias
112,Objeto e Interfaz,https://guias.esdmadrid.es/objeto-e-interfaz
113,Objeto Escultórico e Indumentaria,https://guias.esdmadrid.es/objeto-escultorico-e-indumentaria
114,ORGANIZACIÓN EMPRESARIAL,https://guias.esdmadrid.es/organizacion-empresarial
115,Patronaje,https://guias.esdmadrid.es/patronaje
116,Patronaje Industrial,https://guias.esdmadrid.es/patronaje-industrial
117,Patronaje Industrial. Confección,https://guias.esdmadrid.es/patronaje-industrial-confeccion
118,PATRONAJE INDUSTRIAL. ESCALADO,https://guias.esdmadrid.es/patronaje-industrial-escalado
119,PRÁCTICAS CURRICULARES,https://guias.esdmadrid.es/practicas-curriculares
120,PRACTICAS EXTERNAS,https://guias.esdmadrid.es/practicas-externas
121,Prácticum/ Prácticas externas,https://guias.esdmadrid.es/practicum-practicas-externas
122,PRAXIS DEL DISEÑO DE INTERIORES ,https://guias.esdmadrid.es/praxis-diseno-interiores
123,"Preproducción, producción y postproducción audiovisual ",https://guias.esdmadrid.es/preproduccion-produccion-postproduccion-audiovisual
124,Presupuestos y gestión del proyecto,https://guias.esdmadrid.es/presupuestos-gestion-proyecto
125,Procesos de producción para el diseño de producto,https://guias.esdmadrid.es/procesos-produccion-diseno-producto
126,Procesos y Técnicas de Dibujo.,https://guias.esdmadrid.es/index.php/procesos-tecnicas-dibujo
127,Producción para artes gráficas,https://guias.esdmadrid.es/produccion-artes-graficas
128,Programación creativa,https://guias.esdmadrid.es/programacion-creativa
129,Programación para Diseñadores y artistas visuales,https://guias.esdmadrid.es/programacion-disenadores-artistas-visuales
130,Protección del Diseño,https://guias.esdmadrid.es/proteccion-diseno
131,Proyecto de comunicación digital de moda,https://guias.esdmadrid.es/proyecto-comunicacion-digital-moda
132,Proyecto de espacio comercial ,https://guias.esdmadrid.es/proyecto-espacio-comercial-0
133,Proyectos de diseño de envases y embalajes,https://guias.esdmadrid.es/proyectos-diseno-envases-embalajes
134,Proyectos de diseño gráfico,https://guias.esdmadrid.es/proyectos-diseno-grafico
135,Proyectos de diseño gráfico. Desarrollos,https://guias.esdmadrid.es/proyectos-diseno-grafico-desarrollos
136,Proyectos de Diseño Gráfico. Implementación,https://guias.esdmadrid.es/proyectos-diseno-grafico-implementacion
137,Proyectos de Diseño Interactivo I,https://guias.esdmadrid.es/proyectos-diseno-interactivo-i
138,Proyectos de Diseño Interactivo II,https://guias.esdmadrid.es/proyectos-diseno-interactivo-ii
139,Proyectos de escenografía ,https://guias.esdmadrid.es/proyectos-escenografia
140,Proyectos de Espacios Virtuales,https://guias.esdmadrid.es/proyectos-espacios-virtuales
141,Proyectos de estilismo.,https://guias.esdmadrid.es/proyectos-estilismo
142,Proyectos de Estudio de Interiorismo,https://guias.esdmadrid.es/proyectos-estudio-interiorismo
143,Proyectos de Innovación para el Diseño de Producto,https://guias.esdmadrid.es/proyectos-innovacion-diseno-producto
144,Proyectos de Rehabilitación en Espacios Singulares,https://guias.esdmadrid.es/proyectos-rehabilitacion-espacios-singulares
145,Proyectos Disruptivos I. Procesos y Estrategias,https://guias.esdmadrid.es/proyectos-disruptivos-i-procesos-estrategias
146,Proyectos disruptivos. Manifiesto personal,https://guias.esdmadrid.es/proyectos-disruptivos-manifiesto-personal
147,Proyectos disruptivos. Modelos teóricos,https://guias.esdmadrid.es/proyectos-disruptivos-modelos-teoricos
148,Proyectos Disruptivos. Objetivos Independientes,https://guias.esdmadrid.es/proyectos-disruptivos-objetivos-independientes
149,Proyectos en el espacio. Comunicación,https://guias.esdmadrid.es/proyectos-espacio-comunicacion
150,Proyectos en el espacio. Desarrollo,https://guias.esdmadrid.es/proyectos-espacio-desarrollo
151,Proyectos en el espacio. Ideación,https://guias.esdmadrid.es/proyectos-espacio-ideacion
152,Proyectos en el espacio. Integración,https://guias.esdmadrid.es/proyectos-espacio-integracion
153,Proyectos experimentales de Diseño gráfico,https://guias.esdmadrid.es/proyectos-experimentales-diseno-grafico
154,Proyectos experimentales de gráfica aplicada a los objetos,https://guias.esdmadrid.es/proyectos-experimentales-grafica-aplicada-objetos
155,Proyectos experimentales de iluminación,https://guias.esdmadrid.es/proyectos-experimentales-iluminacion
156,Proyectos Experimentales de Ilustración,https://guias.esdmadrid.es/proyectos-experimentales-ilustracion
157,Proyectos interdisciplinares de Diseño Gráfico. ,https://guias.esdmadrid.es/proyectos-interdisciplinares-diseno-grafico
158,Proyectos. Comunicación y desarrollo,https://guias.esdmadrid.es/proyectos-comunicacion-desarrollo
159,Proyectos. Desarrollo e interacción,https://guias.esdmadrid.es/proyectos-desarrollo-e-interaccion
160,Proyectos. Ideación,https://guias.esdmadrid.es/proyectos-ideacion
161,Publicidad,https://guias.esdmadrid.es/publicidad
162,Realidad Aumentada,https://guias.esdmadrid.es/realidad-aumentada
163,Serigrafía para moda,https://guias.esdmadrid.es/serigrafia-moda
164,Sistemas de producción por control numérico,https://guias.esdmadrid.es/sistemas-produccion-control-numerico
165,SISTEMAS DE REPRESENTACIÓN,https://guias.esdmadrid.es/sistemas-representacion
166,Sistemas de reproducción e impresión ,https://guias.esdmadrid.es/sistemas-reproduccion-e-impresion
167,SISTEMAS REPRESENTACION APLICADOS A LA MODA,https://guias.esdmadrid.es/sistemas-representacion-aplicados-moda
168,Taller de Autónomos,https://guias.esdmadrid.es/taller-autonomos
169,Taller y construcción de escenarios,https://guias.esdmadrid.es/taller-construccion-escenarios
170,Técnica Fotográfica,https://guias.esdmadrid.es/tecnica-fotografica
171,Técnicas de comunicación y presentación gráfica,https://guias.esdmadrid.es/tecnicas-comunicacion-presentacion-grafica
172,Técnicas de confección,https://guias.esdmadrid.es/tecnicas-confeccion
173,TÈCNICAS DE CONFECCIÒN PARA LA ALTA COSTURA ,https://guias.esdmadrid.es/tecnicas-confeccion-alta-costura
174,Técnicas de confección. Procesos,https://guias.esdmadrid.es/tecnicas-confeccion-procesos
175,Técnicas de expresión gráfica,https://guias.esdmadrid.es/tecnicas-expresion-grafica
176,Técnicas de expresión y comunicación,https://guias.esdmadrid.es/index.php/tecnicas-expresion-comunicacion
177,Técnicas de Rehabilitación en espacios singulares,https://guias.esdmadrid.es/tecnicas-rehabilitacion-espacios-singulares
178,Técnicas de Tinción Aplicadas al Proyecto,https://guias.esdmadrid.es/tecnicas-tincion-aplicadas-proyecto
179,Técnicas textiles. Bordados y encajes.,https://guias.esdmadrid.es/tecnicas-textiles-bordados-encajes
180,Técnicas textiles. Estampación y teñidos,https://guias.esdmadrid.es/tecnicas-textiles-estampacion-tenidos
181,Técnicas textiles. Procesos,https://guias.esdmadrid.es/tecnicas-textiles-procesos
182,TECNOLOGÍA DIGITAL,https://guias.esdmadrid.es/tecnologia-digital
183,TECNOLOGÍA DIGITAL APLICADA AL DISEÑO DE PRODUCTO,https://guias.esdmadrid.es/tecnologia-digital-aplicada-diseno-producto
184,Tecnología digital aplicada al proyecto,https://guias.esdmadrid.es/tecnologia-digital-aplicada-proyecto
185,Tecnología digital gráfica,https://guias.esdmadrid.es/tecnologia-digital-grafica
186,TECNOLOGIA DIGITAL PARA EL DISEÑO DE INTERIORES,https://guias.esdmadrid.es/tecnologia-digital-diseno-interiores
187,Tecnología Textil: Materiales,https://guias.esdmadrid.es/tecnologia-textil-materiales
188,Tecnología Textil: Medios,https://guias.esdmadrid.es/tecnologia-textil-medios
189,Teoría de la imagen y la Comunicación,https://guias.esdmadrid.es/teoria-imagen-comunicacion
190,TEORÍA E HISTORIA DEL ARTE,https://guias.esdmadrid.es/teoria-e-historia-arte
191,Teoría e historia del diseño,https://guias.esdmadrid.es/teoria-e-historia-diseno
192,Teoría y Cultura del Diseño,https://guias.esdmadrid.es/teoria-cultura-diseno
193,Tipografía,https://guias.esdmadrid.es/tipografia
194,Tipografía digital,https://guias.esdmadrid.es/tipografia-digital
195,Tipografía Impresa,https://guias.esdmadrid.es/tipografia-impresa
196,Tipografía y edición experimental,https://guias.esdmadrid.es/tipografia-edicion-experimental
197,Trabajo Fin de Grado,https://guias.esdmadrid.es/trabajo-grado
198,Trabajo Fin de Máster de Diseño  de Espacios Comerciales,https://guias.esdmadrid.es/trabajo-master-diseno-espacios-comerciales
199,Trabajo Fin de Máster de Diseño Interactivo,https://guias.esdmadrid.es/trabajo-master-diseno-interactivo
200,Valoración del Proceso de Diseño,https://guias.esdmadrid.es/valoracion-proceso-diseno
201,Visualización de la información,https://guias.esdmadrid.es/visualizacion-informacion
202,Volumen,https://guias.esdmadrid.es/volumen
