,title,href,titulacion,level,descripcion,tipo-asignatura,especialidad-it,materia,periodo-imparticion-c,periodo-imparticion-s,numero-creditos,horas-totales,horas-presenciales,departamento,prelacion,idiomas,profesor-responsable
0,"3D Modelado, Materiales e Iluminación",https://guias.esdmadrid.es/3d-modelado-materiales-e-iluminacion,Máster en Diseño Interactivo,Máster,"La asignatura 3D Modelado, Materiales e Iluminación pretende acercar al alumno a diversas técnicas de obtención y edición de modelos tridimensionales, así como introducir al estudiante en el uso de métodos para la visualización e interacción con objetos y espacios 3d.
Debido a la escasa carga en ECTS y horas de esta asignatura optativa, y a la inmensa dimensión de contenidos que, por su propio título, podría abarcar esta asignatura, se ha realizado una selección de contenidos, metodologías y herramientas que puedan proporcionar al alumno una base de conocimiento  que pueda interrelacionar con el resto del programa que estructura el Máster.
Así, en relación a apartado de obtención de modelos 3D, se introduce la técnica de la fotogrametría, con el fin de dotar al alumno de diferentes herramientas que posibiliten la generación de modelos 3d propios, sin necesidad de grandes recursos tecnológicos, y con la posibilidad de obtener información para la confección de texturas. Se complementa este apartado con herramientas de sculpt digital, para la modificación y reparación de mallas poligonales.
En segundo bloque, se introduce al alumno en herramientas de confección de escenarios virtuales, donde será posible conocer también los fundamentos de la creación de texturas, el mapeado, las técnicas de  iluminación de escenarios, la incorporación de modelos externos y la exportación para navegación y visualización VR.",Optativa de especialidad,Máster en Diseño de Interacción,No contemplada en la memoria de evaluación del Máster,MDI,1º semestre,3,75,30,Departamento de medios informáticos y audiovisuales,Sin requisitos previos,"
Español
","
Peña González
José María
"
1,Análisis de elementos de construcción,https://guias.esdmadrid.es/analisis-elementos-construccion,Título Superior de las Enseñanzas Artísticas Superiores de Diseño,Grado,"El diseñador de interiores tiene como competencia general crear espacios interiores que mejoren la vida de las personas que los utilicen. Para ello podrá cambiar la distribución eliminando paredes, interviniendo en las instalaciones, añadiendo nuevos elementos constructivos, eligiendo nuevos materiales... En esta asignatura se pretende que el alumno adquiera conocimientos para poder analizar y comprender la construcción del entorno próximo, identificando los elementos que la componen. 
Conocerá, por tanto, las soluciones constructivas básicas de los espacios cotidianos y los diferentes materiales utilizados, distinguiendo entre construcción tradicional y tecnológica. También comprenderá el lenguaje gráfico propio de la comunicación de la construcción para poder ser capaz de producir esa documentación gráfica necesaria para construir.",Obligatoria de especialidad,Diseño de Interiores,Materiales y tecnología aplicados al diseño de interiores,1º,1º semestre,4,120,72,"Departamento de ciencia, materiales y tecnología del diseño",Se recomienda que el alumno presente interés por la realización y representación de la construcción del interiorismo. Se comenzará trabajando la representación a mano pero se recomienda  comenzar el uso de CAD ,"
Español
","
Canalejas Díaz
José María 
"
2,Animación,https://guias.esdmadrid.es/animacion,Título Superior de las Enseñanzas Artísticas Superiores de Diseño (nivel grado),Grado,"Esta asignatura está pensada para iniciar al alumno en los conceptos, lenguaje y técnicas de la animación, orientada a las necesidades del área del Diseño Gráfico. La animación es decisiva a la hora de dar un salto de calidad en los proyectos de diseño audiovisual. Un elemento relevante para la diferenciación y la profesionalización. Analizaremos y practicaremos toda clase de técnicas: animación tradicional, digital, stop motion y 3D. Conoceremos los procesos de desarrollo; preproducción, producción y posproducción. Estudiaremos el lenguaje propio de la animación y las posibilidades expresivas que nos ofrece. Manejaremos diversos programas y medios adecuados a cada uno de los modelos de animación",Optativa de especialidad,Diseño Gráfico,Tecnología aplicada al diseño gráfico,4º,2º semestre,6,180,108,Departamento de medios informáticos y audiovisuales,Sin requisitos previos,"
Español
","
521
Responsable Especialidad Docente
"
3,Animación 2D,https://guias.esdmadrid.es/animacion-2d,Optativa del Máster de Diseño Interactivo,Máster,"Esta asignatura se plantea como una inmersión en las características  particulares de la animación interactiva, su capacidad de orientar en la navegación, ayudar en la legibilidad, la claridad de la información y de crear un entorno memorable y atractivo para el usuario.",Optativa de especialidad,Máster en Diseño de Interacción,Tecnología aplicada al diseño gráfico,1º,1º semestre,3,75,45,Departamento de medios informáticos y audiovisuales,Sin requisitos previos,"
Español
","
Cordero de Ciria
Gonzalo
"
4,"Arquitecturas efímeras: eventos, exposiciones y stands",https://guias.esdmadrid.es/arquitecturas-efimeras-eventos-exposiciones-stands,Título Superior de las Enseñanzas Artísticas Superiores de Diseño ,Grado,"La asignatura aborda desde un planteamiento teórico-práctico, los principios básicos del diseño de espacios efímeros para eventos, espacios expositivos culturales y comerciales. Haciendo especial hincapié en los condicionantes específicos de la arquitectura efímera: montaje/desmontaje, materiales reciclables, economía, aplicación de la identidad gráfica, recursos multimedia, efectos lumínicos y sonoros... El curso abarca el diseño de espacios efímeros  en su conjunto (diseño del espacio, la señalética y el ambiente).",Optativa transversal,Diseño de Interiores,Proyectos de Diseño de Interiores,4º,1º semestre,6,180,108,Departamento de proyectos de diseño,"Sin requisitos previos académicos.
Se recomienda:
Buena disposición teórico practico.
Llevar un libro de dibujo/apuntes tipo “moleskine”.
Aprender a mirar.
Aplicar modalidades de investigación rigurosa al diseño.
","
Español
","
509
Responsable Especialidad Docente
"
5,"Arte, Artesanía y Diseño",https://guias.esdmadrid.es/arte-artesania-diseno,Título Superior de las Enseñanzas Artísticas Superiores de Diseño ,Grado,"Arte, artesanía y diseño es una asignatura obligatoria de la especialidad de Diseño de Producto de las enseñanzas artísticas superiores de Diseño, perteneciente a la materia Proyectos de Productos y Sistemas. Su carácter es eminentemente propositivo, ya que emplaza a estos tres grandes ámbitos de la actividad humana a entablar un diálogo y a abrir nuevas vías para una colaboración mutua. Su función es reforzar al resto de asignaturas del tercer curso de la materia de Proyectos, ofreciendo una reflexión crítica sobre los ámbitos y productos del diseño. Esta asignatura contribuye a la adquisición de las siguientes competencias del Título superior de Diseño, nivel grado, en la especialidad de Diseño de Producto:
Reflexionar sobre la influencia social positiva del diseño, su incidencia en la mejora de la calidad de vida y del medio ambiente y su capacidad para generar identidad, innovación y calidad en la producción. 
Conocer el contexto económico, social, cultural e histórico en el que se desarrolla el diseño de producto.
Al diseñador de hoy le interesa participar en actividades profesionales que conecten con propuestas y tendencias artísticas contemporáneas y, por otra parte, no prescindir de valores y actitudes arraigados en la tradición artesanal.
Nos encontramos en un periodo histórico marcado no solo por las consecuencias de la crisis social y económica. Particularmente, en el siglo XXI asistimos a la extenuación de un modelo social basado en un consumo desmedido. La vida de los seres humanos y de las colectividades es mucho más. Desde la esfera antropológica, el diseño sale hoy al encuentro de la diversidad de formas de vida y actividades productivas que persisten en el conjunto del planeta. Por tanto, lejos de someterse a los dictados y límites establecidos para su diferenciación, el arte, la artesanía y el diseño están llamados a entenderse por el bien de todos.
Como el artista, el diseñador posee una visión personal. Desde la intimidad de su creación, el artista contemporáneo nos ofrece la posibilidad de alumbrar nuevas visiones de nosotros mismos. Además, tanto el artista como el artesano, y también el diseñador, poseen un conocimiento y un método con los que se enfrentan a un material o a una actividad concreta, encontrando soluciones ingeniosas, muchas veces inesperadas, que tienen que ver con la estética, pero también con la activación de la economía, el cambio social y la cultura.
En esta asignatura pretendemos demostrar que el diseño puede aliarse con procesos artesanales o industriales que, por distintas circunstancias, atraviesan un mal momento o que en determinados casos podrían desaparecer. El talento del diseñador puede aplicarse a reinventar, revitalizar, poner en el mercado productos cuya identidad, historia e incluso sus debilidades, pueden convertirse en su mejor activo.
En España aún contamos con un vasto patrimonio en este tipo de procesos que hay que conservar y promocionar si queremos que el usuario vuelva a valorar muebles y objetos que, en este momento, asocia con modos de vida anticuados y poco atractivos. De ahí que esta asignatura fomente en los alumnos posibles modelos de colaboración del  diseño con emprendedores interesados en rescatar nuestra herencia y tradición proporcionándoles una nueva oportunidad.
También es necesario que los alumnos comprendan que más allá de la concepción ortodoxa que hemos heredado del diseño, la necesidad de los fabricantes o de los artesanos de experimentar con nuevas ideas, la falta de recursos de determinados grupos sociales o la solución a problemas medioambientales, dan una oportunidad al diseñador para potenciar, con inteligencia y sensibilidad, el sabio uso de los elementos que tiene a su disposición, de una manera creativa y sorprendente. Es aquí donde también el diseño establece un diálogo con el arte, formulando preguntas sobre nuevas formas de estar, vivir y pensar la realidad.
Para alcanzar estos propósitos, la asignatura ofrece un marco teórico al estudiante que le proporciona la comprensión suficiente de las diferencias y similitudes entre estos ámbitos, tanto desde el punto de vista epistemológico, como de los diferentes modos de producción, incidiendo especialmente en los diseñadores que en la actualidad apuestan por las premisas anteriormente expuestas.
El aprendizaje de los estudiantes lo promueve su propia actividad investigadora, concentrada en una propuesta individual de investigación. La investigación es un proceso de aprendizaje que activa la propia reflexión y organiza la gestión del conocimiento necesaria para profundizar en los procesos y factores del diseño. Para adquirir esta competencia los estudiantes elaborarán un proyecto de investigación dirigido por el profesor, que incidirá en la formación de la capacidad conceptual, la gestión de la complejidad, el manejo selectivo de documentación, el empleo de metodologías de análisis y los procesos de toma de decisiones cualificadas.",Obligatoria de especialidad,Diseño de Producto,Proyectos de Productos y Sistemas,3º,2º semestre,2,60,36,Departamento de cultura y gestión del diseño,Sin requisitos previos,"
Español
","
CULTURA
Jefatura de departamento
"
6,Atelier Moda Nupcial ,https://guias.esdmadrid.es/atelier-moda-nupcial,Diseño de moda ,Grado,"Atelier Moda Nupcial es una asignatura optativa de carácter semestral , que se imparte en el 4º curso de la especialidad de diseño de moda .
Es una asignatura de carácter teórico-práctico que se basa en los procesos de innovación y perfeccionamiento para la creación de colecciones de moda nupcial . 
Es el núcleo en el que conviven los aprendizajes del total de las asignaturas impartidas en 1º , 2º y 3º curso de Diseño de moda.",Optativa de especialidad,Diseño de Moda,Proyectos de diseño ,4º,2º semestre,6,180,108,Departamento de proyectos de diseño,"Se recomienda al alumno haber superado las asignaturas : Diseño de moda , análisis e ideación , comunicación de segundo curso así como Diseño de moda y desarrollo de tercer curso .
 ","
Español
","
Moreno Pérez
Antonio
"
7,"Autopsia, Disección y Anastilosis",https://guias.esdmadrid.es/autopsia-diseccion-anastilosis,Diseño de Producto,Grado,"El cambio de paradigma del modelo mecánico al electrónico nos ha alejado, como usuarios y también como diseñadores, del conocimiento de muchos objetos que nos rodean. La electrónica y la industria han convertido el interior de ordenadores, electrodomésticos o coches, en zonas inexpugnables. Las cosas ya no se rompen, estropean o averían, sino que dejan de funcionar por motivos que cada vez nos resultan más incomprensibles. La asignatura afronta esta tendencia a través de un sencillo protocolo que propone una aproximación a productos de uso cotidiano en tres fases:

1. Autopsia: análisis de productos disfuncionales a través de los fallos o patologías que impiden su funcionamiento.

2. Disección: desmontaje de productos en todos sus componentes, estudiando los materiales empleados, procesos de transformación y de montaje, y su estructura.

3. Anastilosis: reconstrucción, total o parcial, de los productos a través del estudio de los diferentes elementos que lo integran.

En definitiva, conjugaremos el verbo destripar, según la segunda acepción de la RAE: sacar lo interior de algo.",Optativa de especialidad,Diseño de Producto,Materiales y tecnología,"2º, 3º",2º semestre,4,120,72,"Departamento de ciencia, materiales y tecnología del diseño","Para un mejor aprovechamiento de la asignatura se recomienda haber cursado la asignatura de Materiales y Tecnología, si bien no resulta imprescindibles.","
Español
","
Cobo Arévalo
Antonio
"
8,Biónica y Proporción,https://guias.esdmadrid.es/bionica-proporcion,Grado en Diseño de Producto,Grado,"Biónica y proporción es una de las asignaturas de la Materia 13: Análisis de la forma natural y sistemas estructurales que tiene carácter de Materia Obligatoria de Especialidad y que se imparte en el primer curso de la especialidad de Diseño de Producto en los Estudios Superiores de Diseño equivalentes a Grado, consta de un total de 4 créditos que corresponde a 120 horas totales de las que 72 horas son presenciales, es decir a cuatro horas semanales durante 18 semanas. 
Tras las presentaciones formales, comentar que esta asignatura pretende volver la mirada a la Naturaleza, a los organismos vivos no como meros observadores u observados si no como el niño que fuimos y una vez pudimos admirarnos ante la belleza de una gota de lluvia resbalando sobre la superficie de una hoja, el ir y venir de las hormigas o el brinco que dio un saltamontes al tratar de cogerlo. La Naturaleza entendida como Mentor, como Medida y a través de la cual podemos encontrar respuestas a nuestros retos como diseñadores de nuestro propio futuro.
La Biónica forma parte de la historia del ser humano desde que el hombre es hombre, cuando formábamos parte de ese todo que es el Mundo Natural. Las especies que nos rodean son el resultado de millones de años de evolución donde el laboratorio que es la vida ha estado experimentando, adaptándose al entorno cambiante, empleando los recursos de los que disponía. Nos ofrece un repertorio de oportunidades en los que inspirarnos a fin de encontrar soluciones sostenibles a todos nuestros retos (Biomímesis) porque seguro que la Naturaleza lo resolvió antes.
Haremos que el alumno ReConecte, exploraremos recursos y metodologías que muestren el potencial creativo y disruptivo que nos rodea y les permita integrarla en sus procesos de diseño.
La asignatura tiene una clara orientación hacia la investigación, la búsqueda de información válida dentro del entorno natural orientada hacia la consecución de innovación sostenible desde el diseño de producto y a experimentar una realidad multidisciplinar desde un ámbito internacional.",Obligatoria de especialidad,Diseño de Producto,Análisis de la forma natural y sistemas estructurales,1º,1º semestre,4,120,72,"Departamento de ciencia, materiales y tecnología del diseño",Sin requisitos previos,"
Español
","
López Ramos
María del Carmen
"
9,Código Técnico de la Edificación:  Tecnología e instalaciones,https://guias.esdmadrid.es/codigo-tecnico-edificacion-tecnologia-e-instalaciones,Máster en Enseñanzas Artísticas en Diseño de Espacios Comerciales,Máster,"Sostenibilidad y seguridad son los principios fundamentales que inspiran gran parte del CTE.
Confort térmico, iluminación destacada para promociones y producto, y acceso al local sin barreras psicológicas, son condiciones sine qua non de un interior comercial eficaz.
Uso expresivo y diferenciador de materiales comunicando imagen de marca, e integración de las últimas tecnologías de seguimiento e interacción, son condiciones de un espacio comercial competitivo.
Esta asignatura trata de la integración de estos vectores que en ocasiones aparecen enfrentados, y de la previsión de la rápida obsolescencia de los elementos tecnológicos y su actualización en el tiempo con la mira puesta en el liderazgo.",Optativa de especialidad,Máster en Diseño de espacios comerciales,Tecnología y proyecto,1º,1º semestre,4,100,64,"Departamento de ciencia, materiales y tecnología del diseño",Sin requisitos previos,"
Español
","
Jiménez Salvador
Óscar
"
10,Color,https://guias.esdmadrid.es/color,,,,,,,,,,,,,,,
11,Computación Física,https://guias.esdmadrid.es/computacion-fisica,,,,,,,,,,,,,,,
12,Comunicación gráfica para el diseño de interiores,https://guias.esdmadrid.es/comunicacion-grafica-diseno-interiores,,,,,,,,,,,,,,,
13,Comunicación Visual  de moda,https://guias.esdmadrid.es/comunicacion-visual-moda,,,,,,,,,,,,,,,
14,COMUNICACIONES Y RECURSOS,https://guias.esdmadrid.es/comunicaciones-recursos,,,,,,,,,,,,,,,
15,Confort térmico y acústico,https://guias.esdmadrid.es/confort-termico-acustico,,,,,,,,,,,,,,,
16,Construcción de espacios habitados: La vivienda compacta,https://guias.esdmadrid.es/construccion-espacios-habitados-vivienda-compacta,,,,,,,,,,,,,,,
17,Construcción de Estudio de Interiorismo,https://guias.esdmadrid.es/construccion-estudio-interiorismo,,,,,,,,,,,,,,,
18,Construcción. Diseño de Elementos Singulares.,https://guias.esdmadrid.es/construccion-diseno-elementos-singulares,,,,,,,,,,,,,,,
19,Contextos Histórico-Artísticos de la Moda y el Diseño de Moda,https://guias.esdmadrid.es/contextos-historico-artisticos-moda-diseno-moda,,,,,,,,,,,,,,,
20,CREACIÓN DE ENTORNOS DE VENTA,https://guias.esdmadrid.es/creacion-entornos-venta,,,,,,,,,,,,,,,
21,Creación Experimental. Tratamiento e impresión de superficies.,https://guias.esdmadrid.es/creacion-experimental-tratamiento-e-impresion-superficies,,,,,,,,,,,,,,,
22,Creatividad e Innovación,https://guias.esdmadrid.es/creatividad-e-innovacion,,,,,,,,,,,,,,,
23,Creatividad: Pensamiento creativo y pensamiento de diseño,https://guias.esdmadrid.es/creatividad-pensamiento-creativo-pensamiento-diseno,,,,,,,,,,,,,,,
24,Desarrollo constructivo de un proyecto,https://guias.esdmadrid.es/desarrollo-constructivo-proyecto,,,,,,,,,,,,,,,
25,Dibujo comunicación,https://guias.esdmadrid.es/dibujo-comunicacion,,,,,,,,,,,,,,,
26,Dibujo de moda,https://guias.esdmadrid.es/dibujo-moda,,,,,,,,,,,,,,,
27,Dibujo del espacio,https://guias.esdmadrid.es/dibujo-espacio,,,,,,,,,,,,,,,
28,Dibujo representación,https://guias.esdmadrid.es/dibujo-representacion,,,,,,,,,,,,,,,
29,Dirección de Arte ,https://guias.esdmadrid.es/direccion-arte,,,,,,,,,,,,,,,
30,"Diseño Audiovisual, Posproducción",https://guias.esdmadrid.es/diseno-audiovisual-posproduccion,,,,,,,,,,,,,,,
31,Diseño Audiovisual. Proyectos,https://guias.esdmadrid.es/diseno-audiovisual-proyectos,,,,,,,,,,,,,,,
32,Diseño Constructivo en Función de los Materiales,https://guias.esdmadrid.es/diseno-constructivo-funcion-materiales,,,,,,,,,,,,,,,
33,Diseño Constructivo Y de Planificacion.,https://guias.esdmadrid.es/diseno-constructivo-planificacion,,,,,,,,,,,,,,,
34,Diseño de colecciones en tejido denim,https://guias.esdmadrid.es/diseno-colecciones-tejido-denim,,,,,,,,,,,,,,,
35,Diseño de estampación industrial digital ,https://guias.esdmadrid.es/diseno-estampacion-industrial-digital,,,,,,,,,,,,,,,
36,Diseño de estructuras ligeras,https://guias.esdmadrid.es/diseno-estructuras-ligeras,,,,,,,,,,,,,,,
37,Diseño de Eventos y Espectáculos,https://guias.esdmadrid.es/diseno-eventos-espectaculos,,,,,,,,,,,,,,,
38,Diseño de Experiencias ,https://guias.esdmadrid.es/diseno-experiencias-0,,,,,,,,,,,,,,,
39,Diseño de Exposiciones,https://guias.esdmadrid.es/diseno-exposiciones,,,,,,,,,,,,,,,
40,Diseño de iluminacción comercial,https://guias.esdmadrid.es/diseno-iluminaccion-comercial,,,,,,,,,,,,,,,
41,Diseño de juguetes,https://guias.esdmadrid.es/diseno-juguetes,,,,,,,,,,,,,,,
42,Diseño de marcas de moda,https://guias.esdmadrid.es/diseno-marcas-moda,,,,,,,,,,,,,,,
43,DISEÑO DE MOBILIARIO PARA EL HÁBITAT,https://guias.esdmadrid.es/diseno-mobiliario-habitat,,,,,,,,,,,,,,,
44,Diseño de Moda Infantil,https://guias.esdmadrid.es/diseno-moda-infantil,,,,,,,,,,,,,,,
45,Diseño de Moda. Análisis e Ideación,https://guias.esdmadrid.es/diseno-moda-analisis-e-ideacion,,,,,,,,,,,,,,,
46,Diseño de Moda. Comunicación.,https://guias.esdmadrid.es/diseno-moda-comunicacion,,,,,,,,,,,,,,,
47,Diseño de moda. Desarrollo,https://guias.esdmadrid.es/diseno-moda-desarrollo,,,,,,,,,,,,,,,
48,Diseño de Portfolio,https://guias.esdmadrid.es/diseno-portfolio,,,,,,,,,,,,,,,
49,Diseño editorial,https://guias.esdmadrid.es/diseno-editorial,,,,,,,,,,,,,,,
50,Diseño en la cocina,https://guias.esdmadrid.es/diseno-cocina,,,,,,,,,,,,,,,
51,DISEÑO ESTRATÉGICO Y MODELOS DE NEGOCIO,https://guias.esdmadrid.es/diseno-estrategico-modelos-negocio,,,,,,,,,,,,,,,
52,Diseño experimental. Creación textil y patronaje.,https://guias.esdmadrid.es/diseno-experimental-creacion-textil-patronaje,,,,,,,,,,,,,,,
53,Diseño gráfico y comunicación del proyecto,https://guias.esdmadrid.es/diseno-grafico-comunicacion-proyecto,,,,,,,,,,,,,,,
54,Diseño Moda Hombre ,https://guias.esdmadrid.es/diseno-moda-hombre,,,,,,,,,,,,,,,
55,Diseño para la innovación social,https://guias.esdmadrid.es/diseno-innovacion-social,,,,,,,,,,,,,,,
56,Diseño para la salud,https://guias.esdmadrid.es/diseno-salud,,,,,,,,,,,,,,,
57,Diseño. Complementos de moda,https://guias.esdmadrid.es/diseno-complementos-moda,,,,,,,,,,,,,,,
58,Documentación,https://guias.esdmadrid.es/documentacion,,,,,,,,,,,,,,,
59,Ecodiseño,https://guias.esdmadrid.es/ecodiseno,,,,,,,,,,,,,,,
60,ESTÉTICA,https://guias.esdmadrid.es/estetica,,,,,,,,,,,,,,,
61,Estilismo de espectáculos y medios audiovisuales,https://guias.esdmadrid.es/estilismo-espectaculos-medios-audiovisuales,,,,,,,,,,,,,,,
62,Estructuras y Sistemas,https://guias.esdmadrid.es/estructuras-sistemas,,,,,,,,,,,,,,,
63,Experiencia de Usuario,https://guias.esdmadrid.es/experiencia-usuario,,,,,,,,,,,,,,,
64,Expresión Fotográfica,https://guias.esdmadrid.es/expresion-fotografica,,,,,,,,,,,,,,,
65,Fotografía de Moda,https://guias.esdmadrid.es/fotografia-moda,,,,,,,,,,,,,,,
66,Fotografía y Audiovisuales,https://guias.esdmadrid.es/fotografia-audiovisuales,,,,,,,,,,,,,,,
67,Fundamentos Científicos del Diseño,https://guias.esdmadrid.es/fundamentos-cientificos-diseno,,,,,,,,,,,,,,,
68,Fundamentos de diseño. Análisis,https://guias.esdmadrid.es/fundamentos-diseno-analisis,,,,,,,,,,,,,,,
69,Fundamentos de diseño. Ideación,https://guias.esdmadrid.es/fundamentos-diseno-ideacion,,,,,,,,,,,,,,,
70,Fundamentos de Estampación e impresión,https://guias.esdmadrid.es/fundamentos-estampacion-e-impresion,,,,,,,,,,,,,,,
71,Gestión de contenidos web. Wordpress,https://guias.esdmadrid.es/gestion-contenidos-web-wordpress,,,,,,,,,,,,,,,
72,GESTIÓN DE EMPRESAS DE MODA,https://guias.esdmadrid.es/gestion-empresas-moda,,,,,,,,,,,,,,,
73,Gestión de obra,https://guias.esdmadrid.es/gestion-obra,,,,,,,,,,,,,,,
74,GESTIÓN DE PROYECTOS,https://guias.esdmadrid.es/gestion-proyectos,,,,,,,,,,,,,,,
75,Gestión del Diseño,https://guias.esdmadrid.es/gestion-diseno,,,,,,,,,,,,,,,
76,Gestión del Diseño,https://guias.esdmadrid.es/gestion-diseno-0,,,,,,,,,,,,,,,
77,Gráfica Interactiva. Edición,https://guias.esdmadrid.es/grafica-interactiva-edicion,,,,,,,,,,,,,,,
78,Gráfica Interactiva. Usabilidad,https://guias.esdmadrid.es/grafica-interactiva-usabilidad,,,,,,,,,,,,,,,
79,Gráfica multimedia. Producción,https://guias.esdmadrid.es/grafica-multimedia-produccion,,,,,,,,,,,,,,,
80,Gráfica multimedia. Programación,https://guias.esdmadrid.es/grafica-multimedia-programacion,,,,,,,,,,,,,,,
81,Gráficos en movimiento 2D y 3D,https://guias.esdmadrid.es/graficos-movimiento-2d-3d,,,,,,,,,,,,,,,
82,Historia de la Indumentaria,https://guias.esdmadrid.es/historia-indumentaria,,,,,,,,,,,,,,,
83,Historia de la Moda,https://guias.esdmadrid.es/historia-moda,,,,,,,,,,,,,,,
84,Historia del diseño de producto,https://guias.esdmadrid.es/historia-diseno-producto,,,,,,,,,,,,,,,
85,Historia del Diseño Gráfico,https://guias.esdmadrid.es/historia-diseno-grafico,,,,,,,,,,,,,,,
86,Iluminación: tecnología y proyecto,https://guias.esdmadrid.es/iluminacion-tecnologia-proyecto,,,,,,,,,,,,,,,
87,Ilustración lenguajes y procesos,https://guias.esdmadrid.es/ilustracion-lenguajes-procesos,,,,,,,,,,,,,,,
88,Ilustración y comunicación visual,https://guias.esdmadrid.es/ilustracion-comunicacion-visual,,,,,,,,,,,,,,,
89,Imagen Moda,https://guias.esdmadrid.es/imagen-moda,,,,,,,,,,,,,,,
90,Infografía 3D: iluminación y texturizado,https://guias.esdmadrid.es/infografia-3d-iluminacion-texturizado,,,,,,,,,,,,,,,
91,Iniciación a la Realidad Virtual y Realidad Aumentada,https://guias.esdmadrid.es/iniciacion-realidad-virtual-realidad-aumentada,,,,,,,,,,,,,,,
92,Iniciación al Diseño Audiovisual,https://guias.esdmadrid.es/iniciacion-diseno-audiovisual,,,,,,,,,,,,,,,
93,Iniciación al diseño de producto,https://guias.esdmadrid.es/iniciacion-diseno-producto,,,,,,,,,,,,,,,
94,Interacción  diseño-instalaciones básicas,https://guias.esdmadrid.es/interaccion-diseno-instalaciones-basicas,,,,,,,,,,,,,,,
95,Interacción y lenguaje,https://guias.esdmadrid.es/interaccion-lenguaje,,,,,,,,,,,,,,,
96,Interface y Cultura. Estrategias de Innovación e investigación,https://guias.esdmadrid.es/interface-cultura-estrategias-innovacion-e-investigacion,,,,,,,,,,,,,,,
97,Interfaces Gráficas de Usuario,https://guias.esdmadrid.es/interfaces-graficas-usuario,,,,,,,,,,,,,,,
98,Introducción al diseño y construcción de bicicletas,https://guias.esdmadrid.es/introduccion-diseno-construccion-bicicletas,,,,,,,,,,,,,,,
99,Lenguajes de Programación,https://guias.esdmadrid.es/lenguajes-programacion,,,,,,,,,,,,,,,
100,LENGUAJES ESTILÍSTICOS DEL DISEÑO DE INTERIOR,https://guias.esdmadrid.es/lenguajes-estilisticos-diseno-interior,,,,,,,,,,,,,,,
101,MARKETING DE MODA,https://guias.esdmadrid.es/marketing-moda,,,,,,,,,,,,,,,
102,MARKETING PARA DISEÑADORES Y ESTUDIOS DE DISEÑO,https://guias.esdmadrid.es/marketing-disenadores-estudios-diseno,,,,,,,,,,,,,,,
103,Marketing Visual,https://guias.esdmadrid.es/marketing-visual,,,,,,,,,,,,,,,
104,Materiales y tecnología. Realización,https://guias.esdmadrid.es/materiales-tecnologia-realizacion,,,,,,,,,,,,,,,
105,Materiales y Tecnología: Conceptualización,https://guias.esdmadrid.es/materiales-tecnologia-conceptualizacion,,,,,,,,,,,,,,,
106,Modelos  3D para el diseño gráfico,https://guias.esdmadrid.es/modelos-3d-diseno-grafico,,,,,,,,,,,,,,,
107,Modelos físicos para la comunicación del proyecto,https://guias.esdmadrid.es/modelos-fisicos-comunicacion-proyecto,,,,,,,,,,,,,,,
108,Modelos y prototipos. Ideación y comunicación.,https://guias.esdmadrid.es/modelos-prototipos-ideacion-comunicacion,,,,,,,,,,,,,,,
109,MODELOS Y PROTOTIPOS. PROCESOS Y DESARROLLO.,https://guias.esdmadrid.es/modelos-prototipos-procesos-desarrollo,,,,,,,,,,,,,,,
110,Narrativa Interactiva,https://guias.esdmadrid.es/narrativa-interactiva,,,,,,,,,,,,,,,
111,Normativa y tramitación de licencias,https://guias.esdmadrid.es/normativa-tramitacion-licencias,,,,,,,,,,,,,,,
112,Objeto e Interfaz,https://guias.esdmadrid.es/objeto-e-interfaz,,,,,,,,,,,,,,,
113,Objeto Escultórico e Indumentaria,https://guias.esdmadrid.es/objeto-escultorico-e-indumentaria,,,,,,,,,,,,,,,
114,ORGANIZACIÓN EMPRESARIAL,https://guias.esdmadrid.es/organizacion-empresarial,,,,,,,,,,,,,,,
115,Patronaje,https://guias.esdmadrid.es/patronaje,,,,,,,,,,,,,,,
116,Patronaje Industrial,https://guias.esdmadrid.es/patronaje-industrial,,,,,,,,,,,,,,,
117,Patronaje Industrial. Confección,https://guias.esdmadrid.es/patronaje-industrial-confeccion,,,,,,,,,,,,,,,
118,PATRONAJE INDUSTRIAL. ESCALADO,https://guias.esdmadrid.es/patronaje-industrial-escalado,,,,,,,,,,,,,,,
119,PRÁCTICAS CURRICULARES,https://guias.esdmadrid.es/practicas-curriculares,,,,,,,,,,,,,,,
120,PRACTICAS EXTERNAS,https://guias.esdmadrid.es/practicas-externas,,,,,,,,,,,,,,,
121,Prácticum/ Prácticas externas,https://guias.esdmadrid.es/practicum-practicas-externas,,,,,,,,,,,,,,,
122,PRAXIS DEL DISEÑO DE INTERIORES ,https://guias.esdmadrid.es/praxis-diseno-interiores,,,,,,,,,,,,,,,
123,"Preproducción, producción y postproducción audiovisual ",https://guias.esdmadrid.es/preproduccion-produccion-postproduccion-audiovisual,,,,,,,,,,,,,,,
124,Presupuestos y gestión del proyecto,https://guias.esdmadrid.es/presupuestos-gestion-proyecto,,,,,,,,,,,,,,,
125,Procesos de producción para el diseño de producto,https://guias.esdmadrid.es/procesos-produccion-diseno-producto,,,,,,,,,,,,,,,
126,Procesos y Técnicas de Dibujo.,https://guias.esdmadrid.es/index.php/procesos-tecnicas-dibujo,,,,,,,,,,,,,,,
127,Producción para artes gráficas,https://guias.esdmadrid.es/produccion-artes-graficas,,,,,,,,,,,,,,,
128,Programación creativa,https://guias.esdmadrid.es/programacion-creativa,,,,,,,,,,,,,,,
129,Programación para Diseñadores y artistas visuales,https://guias.esdmadrid.es/programacion-disenadores-artistas-visuales,,,,,,,,,,,,,,,
130,Protección del Diseño,https://guias.esdmadrid.es/proteccion-diseno,,,,,,,,,,,,,,,
131,Proyecto de comunicación digital de moda,https://guias.esdmadrid.es/proyecto-comunicacion-digital-moda,,,,,,,,,,,,,,,
132,Proyecto de espacio comercial ,https://guias.esdmadrid.es/proyecto-espacio-comercial-0,,,,,,,,,,,,,,,
133,Proyectos de diseño de envases y embalajes,https://guias.esdmadrid.es/proyectos-diseno-envases-embalajes,,,,,,,,,,,,,,,
134,Proyectos de diseño gráfico,https://guias.esdmadrid.es/proyectos-diseno-grafico,,,,,,,,,,,,,,,
135,Proyectos de diseño gráfico. Desarrollos,https://guias.esdmadrid.es/proyectos-diseno-grafico-desarrollos,,,,,,,,,,,,,,,
136,Proyectos de Diseño Gráfico. Implementación,https://guias.esdmadrid.es/proyectos-diseno-grafico-implementacion,,,,,,,,,,,,,,,
137,Proyectos de Diseño Interactivo I,https://guias.esdmadrid.es/proyectos-diseno-interactivo-i,,,,,,,,,,,,,,,
138,Proyectos de Diseño Interactivo II,https://guias.esdmadrid.es/proyectos-diseno-interactivo-ii,,,,,,,,,,,,,,,
139,Proyectos de escenografía ,https://guias.esdmadrid.es/proyectos-escenografia,,,,,,,,,,,,,,,
140,Proyectos de Espacios Virtuales,https://guias.esdmadrid.es/proyectos-espacios-virtuales,,,,,,,,,,,,,,,
141,Proyectos de estilismo.,https://guias.esdmadrid.es/proyectos-estilismo,,,,,,,,,,,,,,,
142,Proyectos de Estudio de Interiorismo,https://guias.esdmadrid.es/proyectos-estudio-interiorismo,,,,,,,,,,,,,,,
143,Proyectos de Innovación para el Diseño de Producto,https://guias.esdmadrid.es/proyectos-innovacion-diseno-producto,,,,,,,,,,,,,,,
144,Proyectos de Rehabilitación en Espacios Singulares,https://guias.esdmadrid.es/proyectos-rehabilitacion-espacios-singulares,,,,,,,,,,,,,,,
145,Proyectos Disruptivos I. Procesos y Estrategias,https://guias.esdmadrid.es/proyectos-disruptivos-i-procesos-estrategias,,,,,,,,,,,,,,,
146,Proyectos disruptivos. Manifiesto personal,https://guias.esdmadrid.es/proyectos-disruptivos-manifiesto-personal,,,,,,,,,,,,,,,
147,Proyectos disruptivos. Modelos teóricos,https://guias.esdmadrid.es/proyectos-disruptivos-modelos-teoricos,,,,,,,,,,,,,,,
148,Proyectos Disruptivos. Objetivos Independientes,https://guias.esdmadrid.es/proyectos-disruptivos-objetivos-independientes,,,,,,,,,,,,,,,
149,Proyectos en el espacio. Comunicación,https://guias.esdmadrid.es/proyectos-espacio-comunicacion,,,,,,,,,,,,,,,
150,Proyectos en el espacio. Desarrollo,https://guias.esdmadrid.es/proyectos-espacio-desarrollo,,,,,,,,,,,,,,,
151,Proyectos en el espacio. Ideación,https://guias.esdmadrid.es/proyectos-espacio-ideacion,,,,,,,,,,,,,,,
152,Proyectos en el espacio. Integración,https://guias.esdmadrid.es/proyectos-espacio-integracion,,,,,,,,,,,,,,,
153,Proyectos experimentales de Diseño gráfico,https://guias.esdmadrid.es/proyectos-experimentales-diseno-grafico,,,,,,,,,,,,,,,
154,Proyectos experimentales de gráfica aplicada a los objetos,https://guias.esdmadrid.es/proyectos-experimentales-grafica-aplicada-objetos,,,,,,,,,,,,,,,
155,Proyectos experimentales de iluminación,https://guias.esdmadrid.es/proyectos-experimentales-iluminacion,,,,,,,,,,,,,,,
156,Proyectos Experimentales de Ilustración,https://guias.esdmadrid.es/proyectos-experimentales-ilustracion,,,,,,,,,,,,,,,
157,Proyectos interdisciplinares de Diseño Gráfico. ,https://guias.esdmadrid.es/proyectos-interdisciplinares-diseno-grafico,,,,,,,,,,,,,,,
158,Proyectos. Comunicación y desarrollo,https://guias.esdmadrid.es/proyectos-comunicacion-desarrollo,,,,,,,,,,,,,,,
159,Proyectos. Desarrollo e interacción,https://guias.esdmadrid.es/proyectos-desarrollo-e-interaccion,,,,,,,,,,,,,,,
160,Proyectos. Ideación,https://guias.esdmadrid.es/proyectos-ideacion,,,,,,,,,,,,,,,
161,Publicidad,https://guias.esdmadrid.es/publicidad,,,,,,,,,,,,,,,
162,Realidad Aumentada,https://guias.esdmadrid.es/realidad-aumentada,,,,,,,,,,,,,,,
163,Serigrafía para moda,https://guias.esdmadrid.es/serigrafia-moda,,,,,,,,,,,,,,,
164,Sistemas de producción por control numérico,https://guias.esdmadrid.es/sistemas-produccion-control-numerico,,,,,,,,,,,,,,,
165,SISTEMAS DE REPRESENTACIÓN,https://guias.esdmadrid.es/sistemas-representacion,,,,,,,,,,,,,,,
166,Sistemas de reproducción e impresión ,https://guias.esdmadrid.es/sistemas-reproduccion-e-impresion,,,,,,,,,,,,,,,
167,SISTEMAS REPRESENTACION APLICADOS A LA MODA,https://guias.esdmadrid.es/sistemas-representacion-aplicados-moda,,,,,,,,,,,,,,,
168,Taller de Autónomos,https://guias.esdmadrid.es/taller-autonomos,,,,,,,,,,,,,,,
169,Taller y construcción de escenarios,https://guias.esdmadrid.es/taller-construccion-escenarios,,,,,,,,,,,,,,,
170,Técnica Fotográfica,https://guias.esdmadrid.es/tecnica-fotografica,,,,,,,,,,,,,,,
171,Técnicas de comunicación y presentación gráfica,https://guias.esdmadrid.es/tecnicas-comunicacion-presentacion-grafica,,,,,,,,,,,,,,,
172,Técnicas de confección,https://guias.esdmadrid.es/tecnicas-confeccion,,,,,,,,,,,,,,,
173,TÈCNICAS DE CONFECCIÒN PARA LA ALTA COSTURA ,https://guias.esdmadrid.es/tecnicas-confeccion-alta-costura,,,,,,,,,,,,,,,
174,Técnicas de confección. Procesos,https://guias.esdmadrid.es/tecnicas-confeccion-procesos,,,,,,,,,,,,,,,
175,Técnicas de expresión gráfica,https://guias.esdmadrid.es/tecnicas-expresion-grafica,,,,,,,,,,,,,,,
176,Técnicas de expresión y comunicación,https://guias.esdmadrid.es/index.php/tecnicas-expresion-comunicacion,,,,,,,,,,,,,,,
177,Técnicas de Rehabilitación en espacios singulares,https://guias.esdmadrid.es/tecnicas-rehabilitacion-espacios-singulares,,,,,,,,,,,,,,,
178,Técnicas de Tinción Aplicadas al Proyecto,https://guias.esdmadrid.es/tecnicas-tincion-aplicadas-proyecto,,,,,,,,,,,,,,,
179,Técnicas textiles. Bordados y encajes.,https://guias.esdmadrid.es/tecnicas-textiles-bordados-encajes,,,,,,,,,,,,,,,
180,Técnicas textiles. Estampación y teñidos,https://guias.esdmadrid.es/tecnicas-textiles-estampacion-tenidos,,,,,,,,,,,,,,,
181,Técnicas textiles. Procesos,https://guias.esdmadrid.es/tecnicas-textiles-procesos,,,,,,,,,,,,,,,
182,TECNOLOGÍA DIGITAL,https://guias.esdmadrid.es/tecnologia-digital,,,,,,,,,,,,,,,
183,TECNOLOGÍA DIGITAL APLICADA AL DISEÑO DE PRODUCTO,https://guias.esdmadrid.es/tecnologia-digital-aplicada-diseno-producto,,,,,,,,,,,,,,,
184,Tecnología digital aplicada al proyecto,https://guias.esdmadrid.es/tecnologia-digital-aplicada-proyecto,,,,,,,,,,,,,,,
185,Tecnología digital gráfica,https://guias.esdmadrid.es/tecnologia-digital-grafica,,,,,,,,,,,,,,,
186,TECNOLOGIA DIGITAL PARA EL DISEÑO DE INTERIORES,https://guias.esdmadrid.es/tecnologia-digital-diseno-interiores,,,,,,,,,,,,,,,
187,Tecnología Textil: Materiales,https://guias.esdmadrid.es/tecnologia-textil-materiales,,,,,,,,,,,,,,,
188,Tecnología Textil: Medios,https://guias.esdmadrid.es/tecnologia-textil-medios,,,,,,,,,,,,,,,
189,Teoría de la imagen y la Comunicación,https://guias.esdmadrid.es/teoria-imagen-comunicacion,,,,,,,,,,,,,,,
190,TEORÍA E HISTORIA DEL ARTE,https://guias.esdmadrid.es/teoria-e-historia-arte,,,,,,,,,,,,,,,
191,Teoría e historia del diseño,https://guias.esdmadrid.es/teoria-e-historia-diseno,,,,,,,,,,,,,,,
192,Teoría y Cultura del Diseño,https://guias.esdmadrid.es/teoria-cultura-diseno,,,,,,,,,,,,,,,
193,Tipografía,https://guias.esdmadrid.es/tipografia,,,,,,,,,,,,,,,
194,Tipografía digital,https://guias.esdmadrid.es/tipografia-digital,,,,,,,,,,,,,,,
195,Tipografía Impresa,https://guias.esdmadrid.es/tipografia-impresa,,,,,,,,,,,,,,,
196,Tipografía y edición experimental,https://guias.esdmadrid.es/tipografia-edicion-experimental,,,,,,,,,,,,,,,
197,Trabajo Fin de Grado,https://guias.esdmadrid.es/trabajo-grado,,,,,,,,,,,,,,,
198,Trabajo Fin de Máster de Diseño  de Espacios Comerciales,https://guias.esdmadrid.es/trabajo-master-diseno-espacios-comerciales,,,,,,,,,,,,,,,
199,Trabajo Fin de Máster de Diseño Interactivo,https://guias.esdmadrid.es/trabajo-master-diseno-interactivo,,,,,,,,,,,,,,,
200,Valoración del Proceso de Diseño,https://guias.esdmadrid.es/valoracion-proceso-diseno,,,,,,,,,,,,,,,
201,Visualización de la información,https://guias.esdmadrid.es/visualizacion-informacion,,,,,,,,,,,,,,,
202,Volumen,https://guias.esdmadrid.es/volumen,,,,,,,,,,,,,,,
